{
  "hash": "280bb6f4",
  "configHash": "273e2156",
  "lockfileHash": "b90c4a2a",
  "browserHash": "df8dfca3",
  "optimized": {
    "@angular/common": {
      "src": "../../../../../../node_modules/@angular/common/fesm2022/common.mjs",
      "file": "@angular_common.js",
      "fileHash": "1714a550",
      "needsInterop": false
    },
    "@angular/common/http": {
      "src": "../../../../../../node_modules/@angular/common/fesm2022/http.mjs",
      "file": "@angular_common_http.js",
      "fileHash": "c72d726a",
      "needsInterop": false
    },
    "@angular/core": {
      "src": "../../../../../../node_modules/@angular/core/fesm2022/core.mjs",
      "file": "@angular_core.js",
      "fileHash": "7ce8e237",
      "needsInterop": false
    },
    "@angular/forms": {
      "src": "../../../../../../node_modules/@angular/forms/fesm2022/forms.mjs",
      "file": "@angular_forms.js",
      "fileHash": "f8350151",
      "needsInterop": false
    },
    "@angular/platform-browser": {
      "src": "../../../../../../node_modules/@angular/platform-browser/fesm2022/platform-browser.mjs",
      "file": "@angular_platform-browser.js",
      "fileHash": "7c1561c8",
      "needsInterop": false
    },
    "@angular/router": {
      "src": "../../../../../../node_modules/@angular/router/fesm2022/router.mjs",
      "file": "@angular_router.js",
      "fileHash": "d27c2a21",
      "needsInterop": false
    },
    "rxjs": {
      "src": "../../../../../../node_modules/rxjs/dist/esm5/index.js",
      "file": "rxjs.js",
      "fileHash": "a7f290eb",
      "needsInterop": false
    }
  },
  "chunks": {
    "chunk-LKBLOK2N": {
      "file": "chunk-LKBLOK2N.js"
    },
    "chunk-AUXCE7RN": {
      "file": "chunk-AUXCE7RN.js"
    },
    "chunk-ARHW2P4B": {
      "file": "chunk-ARHW2P4B.js"
    },
    "chunk-OUSM42MY": {
      "file": "chunk-OUSM42MY.js"
    },
    "chunk-LI3BT77Q": {
      "file": "chunk-LI3BT77Q.js"
    },
    "chunk-PJVWDKLX": {
      "file": "chunk-PJVWDKLX.js"
    }
  }
}